"VIDEO_ID","TITLE","CHANNEL_TITLE","CATEGORY_ID","TAGS","VIEWS","LIKES","DISLIKES","COMMENT_TOTAL","THUMBNAIL_LINK","UPLOADDATE"
"qvXXMsiQBDg","Louis Tomlinson - Just Like You (Lyric Video)","LouisTomlinsonVEVO",10,"Just Like You|Louis Tomlinson|Pop|Syco Music",3418238,314389,1496,18507,"https://i.ytimg.com/vi/qvXXMsiQBDg/default.jpg","22.1"
"EUoe7cf0HYw","Taylor Swift - Gorgeous (Lyric Video)","TaylorSwiftVEVO",10,"Taylor Swift|Gorgeous|reputation",10752221,508015,30693,60055,"https://i.ytimg.com/vi/EUoe7cf0HYw/default.jpg","22.1"
"Tx1sqYc3qas","Marshmello - Silence Ft. Khalid (Official Music Video)","marshmello",10,"marshmello silence ft khalid official music video|marshmello|silence|ft|khalid|official|music|video|marshmello you me|marshmello ft khalid silence tistos big room remix|marshmello ft khalid silence illenium remix|Marshmello - Silence Ft. Khalid (Official Music Video)|marshmello summer|marshmello alone|marshmellow|marshemllo|summer|alone|slushii|slushi|jauz|edm|drops|edm drops|shotsstudios|| marshmello|hannahstocking|lelepons",2733050,157014,1902,9426,"https://i.ytimg.com/vi/Tx1sqYc3qas/default.jpg","22.1"
"GjtYtBGrP6Y","[OFFICIAL VIDEO] Away in a Manger – Pentatonix","PTXofficial",10,"Pentatonix|Penatonix|PTX|PTXofficial|Mitch Grassi|Kirstie Maldonado|Scott Hoying|Avi Kaplan|Kevin|Olusola|K-O.|Cello|Cellobox|Beatbox|A Cappella|Harmony|Acapella|Acappela|Choir|Singing Competition|The Sing-Off|Sing-Off|Reality TV|Sing|Singing|Chorus|Sara Bareilles|Shawn Stockman|Ben Folds|Ben Folds 5|American Idol|X-Factor|The Voice|Voice|Pitch Perfect|christmas",971774,64341,1430,7950,"https://i.ytimg.com/vi/GjtYtBGrP6Y/default.jpg","22.1"
"CwfoyVa980U","Charlie Puth - How Long [Official Video]","Charlie Puth",10,"charlie puth|official video|how long charlie puth|how long has this been going on|how long - charlie puth|charlie puth - how long|how long lyrics|how long charlie|charlie how long|how long official|how long official video|how long music video|charlie puth how long|how long - charlie|atlantic records|charlie puth official|you just want attention|voicenotes charlie|voicenotes",8613469,499205,5612,38995,"https://i.ytimg.com/vi/CwfoyVa980U/default.jpg","22.1"
"WPlx5BmZVkQ","Liam Payne - Bedroom Floor (Lyric Video)","LiamPayneVEVO",10,"Liam|Payne|Bedroom|Floor|Capitol|Pop",1871950,181526,2293,10936,"https://i.ytimg.com/vi/WPlx5BmZVkQ/default.jpg","22.1"
"ScNsBpQ8KIg","Martin Garrix & Matisse & Sadko - Forever (Official Music Video)","Martin Garrix",10,"Martin Garrix|EDM|Animals|Wizard|Proxy|Error 404|BFAM|Tremor|GRX|Ultra|EDC|Dance music|Martin|Garrix|House|Techno|Hardwell|Tiesto|Skrillex|Avicii|Virus|Beatport|DJ Mag|Spinnin Records|Scooter Braun|Nicky Romero|Afrojack|David Guetta|Dimitri Vegas & Like Mike|Jay Hardway|Julian Jordan|Oliver Heldens",1699530,131032,1380,7045,"https://i.ytimg.com/vi/ScNsBpQ8KIg/default.jpg","22.1"
"TV-_Yuc228s","Hayley Kiyoko - Feelings [Official Video]","Hayley Kiyoko",10,"hayley kiyoko|glg|girls like girls|sleep over|cliffs edge|atlantic records|wmg|new music|music video",985016,96098,526,6321,"https://i.ytimg.com/vi/TV-_Yuc228s/default.jpg","22.1"
"NGPK44en2ME","CNCO - Mamita (Audio)","CNCOVEVO",10,"CNCO Music|CNCO Official Video|CNCO Video|CNCO Video Oficial|Mamita Official Video|Official Video|Mamita Single|Single|CNCO New Single|CNCO Single|CNCO Song|Mamita new song|Mamita nueva canción|CNCO nuevo sencillo|CNCO Mamita|CNCO|Latin Pop|Mamita|Sony Music Latin",1456623,135587,1933,15740,"https://i.ytimg.com/vi/NGPK44en2ME/default.jpg","22.1"
"Tx1sqYc3qas","Marshmello - Silence Ft. Khalid (Official Music Video)","marshmello",10,"marshmello silence ft khalid official music video|marshmello|silence|ft|khalid|official|music|video|marshmello you me|marshmello ft khalid silence tistos big room remix|marshmello ft khalid silence illenium remix|Marshmello - Silence Ft. Khalid (Official Music Video)|marshmello summer|marshmello alone|marshmellow|marshemllo|summer|alone|slushii|slushi|jauz|edm|drops|edm drops|shotsstudios|| marshmello|hannahstocking|lelepons",1325564,122859,1301,8023,"https://i.ytimg.com/vi/Tx1sqYc3qas/default.jpg","21.1"
"NGPK44en2ME","CNCO - Mamita (Audio)","CNCOVEVO",10,"CNCO Music|CNCO Official Video|CNCO Video|CNCO Video Oficial|Mamita Official Video|Official Video|Mamita Single|Single|CNCO New Single|CNCO Single|CNCO Song|Mamita new song|Mamita nueva canción|CNCO nuevo sencillo|CNCO Mamita|CNCO|Latin Pop|Mamita|Sony Music Latin",912689,111166,1447,13442,"https://i.ytimg.com/vi/NGPK44en2ME/default.jpg","21.1"
"qvXXMsiQBDg","Louis Tomlinson - Just Like You (Lyric Video)","LouisTomlinsonVEVO",10,"Just Like You|Louis Tomlinson|Pop|Syco Music",2768624,291623,1297,18019,"https://i.ytimg.com/vi/qvXXMsiQBDg/default.jpg","21.1"
"craAcv415FM","Bruno Mars - Just The Way You Are [ONE VOICE: SOMOS LIVE! Performance]","Bruno Mars",10,"Bruno Mars|Just The Way You Are|One Voice: Somos Live|Atlantic Records|Warner Music Group|Marc Anthony|Jennifer Lopez|Puerto Rico|live performance|live|one voice|somos live|telethon|somos una voz",2253576,151922,970,9389,"https://i.ytimg.com/vi/craAcv415FM/default.jpg","20.1"
"5ggZ9jIHnr8","Alesso & Anitta - Is That For Me (Official Music Video)","Alesso",10,"alesso anitta is that for me official music video|alesso|anitta|is|that|for|me|official|music|video|anitta alesso isthaforme prores|alesso big slap festival 2017|Alesso & Anitta - Is That For Me (Official Music Video)|edm|edm drops",14849524,618436,108966,84942,"https://i.ytimg.com/vi/5ggZ9jIHnr8/default.jpg","20.1"
"EUoe7cf0HYw","Taylor Swift - Gorgeous (Lyric Video)","TaylorSwiftVEVO",10,"Taylor Swift|Gorgeous|reputation",6918730,433662,23713,51957,"https://i.ytimg.com/vi/EUoe7cf0HYw/default.jpg","21.1"
"GjtYtBGrP6Y","[OFFICIAL VIDEO] Away in a Manger – Pentatonix","PTXofficial",10,"Pentatonix|Penatonix|PTX|PTXofficial|Mitch Grassi|Kirstie Maldonado|Scott Hoying|Avi Kaplan|Kevin|Olusola|K-O.|Cello|Cellobox|Beatbox|A Cappella|Harmony|Acapella|Acappela|Choir|Singing Competition|The Sing-Off|Sing-Off|Reality TV|Sing|Singing|Chorus|Sara Bareilles|Shawn Stockman|Ben Folds|Ben Folds 5|American Idol|X-Factor|The Voice|Voice|Pitch Perfect|christmas",578268,48741,964,6210,"https://i.ytimg.com/vi/GjtYtBGrP6Y/default.jpg","21.1"
"CwfoyVa980U","Charlie Puth - How Long [Official Video]","Charlie Puth",10,"charlie puth|official video|how long charlie puth|how long has this been going on|how long - charlie puth|charlie puth - how long|how long lyrics|how long charlie|charlie how long|how long official|how long official video|how long music video|charlie puth how long|how long - charlie|atlantic records|charlie puth official|you just want attention|voicenotes charlie|voicenotes",5202733,410255,4227,33921,"https://i.ytimg.com/vi/CwfoyVa980U/default.jpg","21.1"
"WPlx5BmZVkQ","Liam Payne - Bedroom Floor (Lyric Video)","LiamPayneVEVO",10,"Liam|Payne|Bedroom|Floor|Capitol|Pop",1212581,155411,1763,9931,"https://i.ytimg.com/vi/WPlx5BmZVkQ/default.jpg","21.1"
"ScNsBpQ8KIg","Martin Garrix & Matisse & Sadko - Forever (Official Music Video)","Martin Garrix",10,"Martin Garrix|EDM|Animals|Wizard|Proxy|Error 404|BFAM|Tremor|GRX|Ultra|EDC|Dance music|Martin|Garrix|House|Techno|Hardwell|Tiesto|Skrillex|Avicii|Virus|Beatport|DJ Mag|Spinnin Records|Scooter Braun|Nicky Romero|Afrojack|David Guetta|Dimitri Vegas & Like Mike|Jay Hardway|Julian Jordan|Oliver Heldens",1043836,109405,1069,6159,"https://i.ytimg.com/vi/ScNsBpQ8KIg/default.jpg","21.1"
"TV-_Yuc228s","Hayley Kiyoko - Feelings [Official Video]","Hayley Kiyoko",10,"hayley kiyoko|glg|girls like girls|sleep over|cliffs edge|atlantic records|wmg|new music|music video",742448,83399,437,5794,"https://i.ytimg.com/vi/TV-_Yuc228s/default.jpg","21.1"
"FvcNr_5uWgY","Jessie J - Not My Ex","JessieJVEVO",10,"Jessie|Not|My|Ex|Lava|Music/Republic|Records",3961722,180008,1928,6038,"https://i.ytimg.com/vi/FvcNr_5uWgY/default.jpg","19.1"
"gOsM-DYAEhY","Imagine Dragons - Whatever It Takes","ImagineDragonsVEVO",10,"Imagine Dragons|ImagineDragons|Whatever It Takes|Imagine Dragons Evolve|Dragons Evolve|Believer|Thunder|Dragons Believer|Dragons Thunder|Night Visions|Smoke + Mirrors|On Top Of The World|Radioactive|Demons|I Bet My Life|Dan Reynolds|Matt Eastin|Imagine|Dragons|Whatever|It|Takes|KIDinaKORNER/Interscope|Records|Alternative",11985474,611911,5252,28308,"https://i.ytimg.com/vi/gOsM-DYAEhY/default.jpg","19.1"
"EUoe7cf0HYw","Taylor Swift - Gorgeous (Lyric Video)","TaylorSwiftVEVO",10,"Taylor Swift|Gorgeous|reputation",497846,160690,5323,25341,"https://i.ytimg.com/vi/EUoe7cf0HYw/default.jpg","20.1"
"CwfoyVa980U","Charlie Puth - How Long [Official Video]","Charlie Puth",10,"charlie puth|official video|how long charlie puth|how long has this been going on|how long - charlie puth|charlie puth - how long|how long lyrics|how long charlie|charlie how long|how long official|how long official video|how long music video|charlie puth how long|how long - charlie|atlantic records|charlie puth official|you just want attention|voicenotes charlie|voicenotes",1594274,235388,2047,23351,"https://i.ytimg.com/vi/CwfoyVa980U/default.jpg","20.1"
"qvXXMsiQBDg","Louis Tomlinson - Just Like You (Lyric Video)","LouisTomlinsonVEVO",10,"Just Like You|Louis Tomlinson|Pop|Syco Music",1934642,246254,992,18605,"https://i.ytimg.com/vi/qvXXMsiQBDg/default.jpg","20.1"
"qvXXMsiQBDg","Louis Tomlinson - Just Like You (Lyric Video)","LouisTomlinsonVEVO",10,"Just Like You|Louis Tomlinson|Pop|Syco Music",1399754,212633,737,17383,"https://i.ytimg.com/vi/qvXXMsiQBDg/default.jpg","19.1"
"craAcv415FM","Bruno Mars - Just The Way You Are [ONE VOICE: SOMOS LIVE! Performance]","Bruno Mars",10,"Bruno Mars|Just The Way You Are|One Voice: Somos Live|Atlantic Records|Warner Music Group|Marc Anthony|Jennifer Lopez|Puerto Rico|live performance|live|one voice|somos live|telethon|somos una voz",1944205,139065,883,10442,"https://i.ytimg.com/vi/craAcv415FM/default.jpg","19.1"
"5ggZ9jIHnr8","Alesso & Anitta - Is That For Me (Official Music Video)","Alesso",10,"alesso anitta is that for me official music video|alesso|anitta|is|that|for|me|official|music|video|anitta alesso isthaforme prores|alesso big slap festival 2017|Alesso & Anitta - Is That For Me (Official Music Video)|edm|edm drops",13418138,585283,102067,81912,"https://i.ytimg.com/vi/5ggZ9jIHnr8/default.jpg","19.1"
"5ggZ9jIHnr8","Alesso & Anitta - Is That For Me (Official Music Video)","Alesso",10,"alesso anitta is that for me official music video|alesso|anitta|is|that|for|me|official|music|video|anitta alesso isthaforme prores|alesso big slap festival 2017|Alesso & Anitta - Is That For Me (Official Music Video)|edm|edm drops",12233150,564466,96859,79935,"https://i.ytimg.com/vi/5ggZ9jIHnr8/default.jpg","18.1"
"FvcNr_5uWgY","Jessie J - Not My Ex","JessieJVEVO",10,"Jessie|Not|My|Ex|Lava|Music/Republic|Records",3404189,163388,1714,5714,"https://i.ytimg.com/vi/FvcNr_5uWgY/default.jpg","18.1"
"gOsM-DYAEhY","Imagine Dragons - Whatever It Takes","ImagineDragonsVEVO",10,"Imagine Dragons|ImagineDragons|Whatever It Takes|Imagine Dragons Evolve|Dragons Evolve|Believer|Thunder|Dragons Believer|Dragons Thunder|Night Visions|Smoke + Mirrors|On Top Of The World|Radioactive|Demons|I Bet My Life|Dan Reynolds|Matt Eastin|Imagine|Dragons|Whatever|It|Takes|KIDinaKORNER/Interscope|Records|Alternative",10518983,582753,4806,27683,"https://i.ytimg.com/vi/gOsM-DYAEhY/default.jpg","18.1"
"CNwYcyRAl1Y","Michael Jackson - Blood On The Dance Floor X Dangerous (The White Panda Mash-Up)","michaeljacksonVEVO",10,"Blood On The Dance Floor X Dangerous (The White Panda Mash-Up)|Epic/Legacy|Michael Jackson|Pop",1212237,48914,985,6911,"https://i.ytimg.com/vi/CNwYcyRAl1Y/default.jpg","18.1"
"CNwYcyRAl1Y","Michael Jackson - Blood On The Dance Floor X Dangerous (The White Panda Mash-Up)","michaeljacksonVEVO",10,"Blood On The Dance Floor X Dangerous (The White Panda Mash-Up)|Epic/Legacy|Michael Jackson|Pop",1147230,47695,951,6728,"https://i.ytimg.com/vi/CNwYcyRAl1Y/default.jpg","17.1"
"QeBCu1ZSORs","Kris Wu - Deserve ft. Travis Scott (Official Audio)","Kris Wu",10,"KrisWu|wuyifan|吴亦凡|deserve|Kris wu deserve|deserve official|deserve official Audio|travis scott|kris wu travis scott|hiphop|嘻哈|China",1310074,72890,1055,7858,"https://i.ytimg.com/vi/QeBCu1ZSORs/default.jpg","17.1"
"qvXXMsiQBDg","Louis Tomlinson - Just Like You (Lyric Video)","LouisTomlinsonVEVO",10,"Just Like You|Louis Tomlinson|Pop|Syco Music",681378,150238,390,14401,"https://i.ytimg.com/vi/qvXXMsiQBDg/default.jpg","18.1"
"craAcv415FM","Bruno Mars - Just The Way You Are [ONE VOICE: SOMOS LIVE! Performance]","Bruno Mars",10,"Bruno Mars|Just The Way You Are|One Voice: Somos Live|Atlantic Records|Warner Music Group|Marc Anthony|Jennifer Lopez|Puerto Rico|live performance|live|one voice|somos live|telethon|somos una voz",1652116,128211,785,10030,"https://i.ytimg.com/vi/craAcv415FM/default.jpg","18.1"
"craAcv415FM","Bruno Mars - Just The Way You Are [ONE VOICE: SOMOS LIVE! Performance]","Bruno Mars",10,"Bruno Mars|Just The Way You Are|One Voice: Somos Live|Atlantic Records|Warner Music Group|Marc Anthony|Jennifer Lopez|Puerto Rico|live performance|live|one voice|somos live|telethon|somos una voz",1272280,115579,678,9509,"https://i.ytimg.com/vi/craAcv415FM/default.jpg","17.1"
"5ggZ9jIHnr8","Alesso & Anitta - Is That For Me (Official Music Video)","Alesso",10,"alesso anitta is that for me official music video|alesso|anitta|is|that|for|me|official|music|video|anitta alesso isthaforme prores|alesso big slap festival 2017|Alesso & Anitta - Is That For Me (Official Music Video)|edm|edm drops",10959059,538825,90419,77086,"https://i.ytimg.com/vi/5ggZ9jIHnr8/default.jpg","17.1"
"FvcNr_5uWgY","Jessie J - Not My Ex","JessieJVEVO",10,"Jessie|Not|My|Ex|Lava|Music/Republic|Records",2762437,144498,1484,5331,"https://i.ytimg.com/vi/FvcNr_5uWgY/default.jpg","17.1"
"gOsM-DYAEhY","Imagine Dragons - Whatever It Takes","ImagineDragonsVEVO",10,"Imagine Dragons|ImagineDragons|Whatever It Takes|Imagine Dragons Evolve|Dragons Evolve|Believer|Thunder|Dragons Believer|Dragons Thunder|Night Visions|Smoke + Mirrors|On Top Of The World|Radioactive|Demons|I Bet My Life|Dan Reynolds|Matt Eastin|Imagine|Dragons|Whatever|It|Takes|KIDinaKORNER/Interscope|Records|Alternative",8965420,547943,4335,26934,"https://i.ytimg.com/vi/gOsM-DYAEhY/default.jpg","17.1"
"gOsM-DYAEhY","Imagine Dragons - Whatever It Takes","ImagineDragonsVEVO",10,"Imagine Dragons|ImagineDragons|Whatever It Takes|Imagine Dragons Evolve|Dragons Evolve|Believer|Thunder|Dragons Believer|Dragons Thunder|Night Visions|Smoke + Mirrors|On Top Of The World|Radioactive|Demons|I Bet My Life|Dan Reynolds|Matt Eastin|Imagine|Dragons|Whatever|It|Takes|KIDinaKORNER/Interscope|Records|Alternative",7537619,508801,3808,26234,"https://i.ytimg.com/vi/gOsM-DYAEhY/default.jpg","16.1"
"CNwYcyRAl1Y","Michael Jackson - Blood On The Dance Floor X Dangerous (The White Panda Mash-Up)","michaeljacksonVEVO",10,"Blood On The Dance Floor X Dangerous (The White Panda Mash-Up)|Epic/Legacy|Michael Jackson|Pop",1058162,45825,902,6497,"https://i.ytimg.com/vi/CNwYcyRAl1Y/default.jpg","16.1"
"QeBCu1ZSORs","Kris Wu - Deserve ft. Travis Scott (Official Audio)","Kris Wu",10,"KrisWu|wuyifan|吴亦凡|deserve|Kris wu deserve|deserve official|deserve official Audio|travis scott|kris wu travis scott|hiphop|嘻哈|China",1217447,70991,1002,7670,"https://i.ytimg.com/vi/QeBCu1ZSORs/default.jpg","16.1"
"CNwYcyRAl1Y","Michael Jackson - Blood On The Dance Floor X Dangerous (The White Panda Mash-Up)","michaeljacksonVEVO",10,"Blood On The Dance Floor X Dangerous (The White Panda Mash-Up)|Epic/Legacy|Michael Jackson|Pop",915562,42516,819,6163,"https://i.ytimg.com/vi/CNwYcyRAl1Y/default.jpg","15.1"
"QeBCu1ZSORs","Kris Wu - Deserve ft. Travis Scott (Official Audio)","Kris Wu",10,"KrisWu|wuyifan|吴亦凡|deserve|Kris wu deserve|deserve official|deserve official Audio|travis scott|kris wu travis scott|hiphop|嘻哈|China",1011944,67760,939,7435,"https://i.ytimg.com/vi/QeBCu1ZSORs/default.jpg","15.1"
"craAcv415FM","Bruno Mars - Just The Way You Are [ONE VOICE: SOMOS LIVE! Performance]","Bruno Mars",10,"Bruno Mars|Just The Way You Are|One Voice: Somos Live|Atlantic Records|Warner Music Group|Marc Anthony|Jennifer Lopez|Puerto Rico|live performance|live|one voice|somos live|telethon|somos una voz",844185,96337,511,8924,"https://i.ytimg.com/vi/craAcv415FM/default.jpg","16.1"
"5ggZ9jIHnr8","Alesso & Anitta - Is That For Me (Official Video)","Alesso",10,"alesso anitta is that for me official music video|alesso|anitta|is|that|for|me|official|music|video|anitta alesso isthaforme prores|alesso big slap festival 2017|Alesso & Anitta - Is That For Me (Official Music Video)|edm|edm drops",9629530,504162,82474,74107,"https://i.ytimg.com/vi/5ggZ9jIHnr8/default.jpg","16.1"
"FvcNr_5uWgY","Jessie J - Not My Ex","JessieJVEVO",10,"Jessie|Not|My|Ex|Lava|Music/Republic|Records",2089574,121246,1221,5719,"https://i.ytimg.com/vi/FvcNr_5uWgY/default.jpg","16.1"
"5ggZ9jIHnr8","Alesso & Anitta - Is That For Me (Official Video)","Alesso",10,"alesso anitta is that for me official music video|alesso|anitta|is|that|for|me|official|music|video|anitta alesso isthaforme prores|alesso big slap festival 2017|Alesso & Anitta - Is That For Me (Official Music Video)|edm|edm drops",7784929,447906,68902,66014,"https://i.ytimg.com/vi/5ggZ9jIHnr8/default.jpg","15.1"
"gOsM-DYAEhY","Imagine Dragons - Whatever It Takes","ImagineDragonsVEVO",10,"Imagine Dragons|ImagineDragons|Whatever It Takes|Imagine Dragons Evolve|Dragons Evolve|Believer|Thunder|Dragons Believer|Dragons Thunder|Night Visions|Smoke + Mirrors|On Top Of The World|Radioactive|Demons|I Bet My Life|Dan Reynolds|Matt Eastin|Imagine|Dragons|Whatever|It|Takes|KIDinaKORNER/Interscope|Records|Alternative",6106180,463695,3264,24744,"https://i.ytimg.com/vi/gOsM-DYAEhY/default.jpg","15.1"
"CNwYcyRAl1Y","Michael Jackson - Blood On The Dance Floor X Dangerous (The White Panda Mash-Up)","michaeljacksonVEVO",10,"Blood On The Dance Floor X Dangerous (The White Panda Mash-Up)|Epic/Legacy|Michael Jackson|Pop",644650,37056,649,5334,"https://i.ytimg.com/vi/CNwYcyRAl1Y/default.jpg","14.1"
"5ggZ9jIHnr8","Alesso & Anitta - Is That For Me (Official Video)","Alesso",10,"alesso anitta is that for me official music video|alesso|anitta|is|that|for|me|official|music|video|anitta alesso isthaforme prores|alesso big slap festival 2017|Alesso & Anitta - Is That For Me (Official Music Video)|edm|edm drops",3982024,306843,36948,42046,"https://i.ytimg.com/vi/5ggZ9jIHnr8/default.jpg","14.1"
"QeBCu1ZSORs","Kris Wu - Deserve ft. Travis Scott (Official Audio)","Kris Wu",10,"KrisWu|wuyifan|吴亦凡|deserve|Kris wu deserve|deserve official|deserve official Audio|travis scott|kris wu travis scott|hiphop|嘻哈|China",833359,62520,838,6989,"https://i.ytimg.com/vi/QeBCu1ZSORs/default.jpg","14.1"
"941Bl3oxk8Y","Invitation - Why Don't We [Official Music Video]","Why Don't We",10,"jack avery daniel seavey taking you zach herron corbyn besson jonah marais why don't we|why dont we|whydontwemusic|WDW|pop|new music|pop music 2016|boyband|boy band|boybands|boy bands|music video|music videos|logan paul|why don't we|why don't we boys|invitation|invitation video|logan paul band|logan puals band|why dont we band|logan paul why dont we|invitation lyrics|eli sokhn|why dont we logan paul|why don't we mashups",1593139,119521,961,16936,"https://i.ytimg.com/vi/941Bl3oxk8Y/default.jpg","12.1"
"J7MYJ8Kxhwc","NF - Outcast","NFVEVO",10,"NF|Outcast|Real|Music|Hip|Hop",1289652,59764,1042,6853,"https://i.ytimg.com/vi/J7MYJ8Kxhwc/default.jpg","12.1"
"QeBCu1ZSORs","Kris Wu - Deserve ft. Travis Scott (Official Audio)","Kris Wu",10,"KrisWu|wuyifan|吴亦凡|deserve|Kris wu deserve|deserve official|deserve official Audio|travis scott|kris wu travis scott|hiphop|嘻哈|China",581951,53946,698,6505,"https://i.ytimg.com/vi/QeBCu1ZSORs/default.jpg","13.1"
"CwLGro-dFWg","Charlie Puth – How Long [Official Audio]","Charlie Puth",10,"charlie puth|voicenotes|how long|charlie puth how long|charlie puth voicenotes|charlie puth attention|puth how long|voicenotes puth|official audio|charlie puth - how long|charlie puth - voicenotes|charlie how long|charlie voicenotes|how long voicenotes|how long attention|charlie puth - attention|how long official|charlie puth how long official|atlantic records|artist partner group|apg",3427980,185837,1393,12509,"https://i.ytimg.com/vi/CwLGro-dFWg/default.jpg","11.1"
"D1IBXE2G6zw","Lin-Manuel Miranda - Almost Like Praying feat Artists for Puerto Rico [Music Video]","Atlantic Records",10,"music|official|music video|lin-manual miranda|almost like praying|Marc Anthony|atlantic records|warner music group|Alex Lacamoire|Ana Villafañe|Anthony Ramos|Camila Cabello|Dessa|Ednita Nazario|Fat Joe|Gilberto|Santa Rosa|Gina Rodriguez|Gloria Estefan|Jennifer Lopez|Joell Ortiz|Juan Luis Guerra|Luis Fonsi|Pedro Capó|PJ Sin Suela|Rita Moreno|Rubén Blades|Tommy Torres|Hispanic Federation UNIDOS Fund|puerto rico",2912165,97756,3007,8001,"https://i.ytimg.com/vi/D1IBXE2G6zw/default.jpg","12.1"
"iBViC-fEdm0","Wu-Tang Clan - People Say ft. Redman","WuTangClanVEVO",10,"Wu-Tang|Clan|People|Say|featuring|Redman|eOne|Music|Hip-Hop|People Say|NYC|Nas|Jay-Z|Ace Hood|A Boogie With The Hoodie|A Boogie|Sean Price|Duckdown|Wu-tang Forver|Wu-Tang For The Children|Wu-Tang Financial|Wu brand|36 Chambers|Rza|Gza|Method Man|Ghostface Killah|Raekwon|Masta Killa|Inspectah Deck|U-God|ODB|Queens|Staten island|Real Rap|Liquid Swords|Kung Fu|Mathematics",1282764,57549,427,5593,"https://i.ytimg.com/vi/iBViC-fEdm0/default.jpg","10.1"
"D1IBXE2G6zw","Lin-Manuel Miranda - Almost Like Praying feat Artists for Puerto Rico [Music Video]","Atlantic Records",10,"music|official|music video|lin-manual miranda|almost like praying|Marc Anthony|atlantic records|warner music group|Alex Lacamoire|Ana Villafañe|Anthony Ramos|Camila Cabello|Dessa|Ednita Nazario|Fat Joe|Gilberto|Santa Rosa|Gina Rodriguez|Gloria Estefan|Jennifer Lopez|Joell Ortiz|Juan Luis Guerra|Luis Fonsi|Pedro Capó|PJ Sin Suela|Rita Moreno|Rubén Blades|Tommy Torres|Hispanic Federation UNIDOS Fund|puerto rico",2723653,93826,2901,7835,"https://i.ytimg.com/vi/D1IBXE2G6zw/default.jpg","11.1"
"J7MYJ8Kxhwc","NF - Outcast","NFVEVO",10,"NF|Outcast|Real|Music|Hip|Hop",1168267,57443,987,6591,"https://i.ytimg.com/vi/J7MYJ8Kxhwc/default.jpg","11.1"
"941Bl3oxk8Y","Invitation - Why Don't We [Official Music Video]","Why Don't We",10,"jack avery daniel seavey taking you zach herron corbyn besson jonah marais why don't we|why dont we|whydontwemusic|WDW|pop|new music|pop music 2016|boyband|boy band|boybands|boy bands|music video|music videos|logan paul|why don't we|why don't we boys|invitation|invitation video|logan paul band|logan puals band|why dont we band|logan paul why dont we|invitation lyrics|eli sokhn|why dont we logan paul|why don't we mashups",1491558,116874,923,16643,"https://i.ytimg.com/vi/941Bl3oxk8Y/default.jpg","11.1"
"D1IBXE2G6zw","Lin-Manuel Miranda - Almost Like Praying feat Artists for Puerto Rico [Music Video]","Atlantic Records",10,"music|official|music video|lin-manual miranda|almost like praying|Marc Anthony|atlantic records|warner music group|Alex Lacamoire|Ana Villafañe|Anthony Ramos|Camila Cabello|Dessa|Ednita Nazario|Fat Joe|Gilberto|Santa Rosa|Gina Rodriguez|Gloria Estefan|Jennifer Lopez|Joell Ortiz|Juan Luis Guerra|Luis Fonsi|Pedro Capó|PJ Sin Suela|Rita Moreno|Rubén Blades|Tommy Torres|Hispanic Federation UNIDOS Fund|puerto rico",2519222,89671,2759,7358,"https://i.ytimg.com/vi/D1IBXE2G6zw/default.jpg","10.1"
"J7MYJ8Kxhwc","NF - Outcast","NFVEVO",10,"NF|Outcast|Real|Music|Hip|Hop",1009012,54217,896,6171,"https://i.ytimg.com/vi/J7MYJ8Kxhwc/default.jpg","10.1"
"941Bl3oxk8Y","Invitation - Why Don't We [Official Music Video]","Why Don't We",10,"jack avery daniel seavey taking you zach herron corbyn besson jonah marais why don't we|why dont we|whydontwemusic|WDW|pop|new music|pop music 2016|boyband|boy band|boybands|boy bands|music video|music videos|logan paul|why don't we|why don't we boys|invitation|invitation video|logan paul band|logan puals band|why dont we band|logan paul why dont we|invitation lyrics|eli sokhn|why dont we logan paul|why don't we mashups",1373362,113846,858,16321,"https://i.ytimg.com/vi/941Bl3oxk8Y/default.jpg","10.1"
"CwLGro-dFWg","Charlie Puth – How Long [Official Audio]","Charlie Puth",10,"charlie puth|voicenotes|how long|charlie puth how long|charlie puth voicenotes|charlie puth attention|puth how long|voicenotes puth|official audio|charlie puth - how long|charlie puth - voicenotes|charlie how long|charlie voicenotes|how long voicenotes|how long attention|charlie puth - attention|how long official|charlie puth how long official|atlantic records|artist partner group|apg",3036590,177481,1286,12035,"https://i.ytimg.com/vi/CwLGro-dFWg/default.jpg","10.1"
"CwLGro-dFWg","Charlie Puth – How Long [Official Audio]","Charlie Puth",10,"charlie puth|voicenotes|how long|charlie puth how long|charlie puth voicenotes|charlie puth attention|puth how long|voicenotes puth|official audio|charlie puth - how long|charlie puth - voicenotes|charlie how long|charlie voicenotes|how long voicenotes|how long attention|charlie puth - attention|how long official|charlie puth how long official|atlantic records|artist partner group|apg",2649954,168015,1155,11515,"https://i.ytimg.com/vi/CwLGro-dFWg/default.jpg","100"
"CwLGro-dFWg","Charlie Puth – How Long [Official Audio]","Charlie Puth",10,"charlie puth|voicenotes|how long|charlie puth how long|charlie puth voicenotes|charlie puth attention|puth how long|voicenotes puth|official audio|charlie puth - how long|charlie puth - voicenotes|charlie how long|charlie voicenotes|how long voicenotes|how long attention|charlie puth - attention|how long official|charlie puth how long official|atlantic records|artist partner group|apg",2650679,168019,1155,11515,"https://i.ytimg.com/vi/CwLGro-dFWg/default.jpg","100"
"8hP6WROycAU","One More Light (Official Lyric Video) - Linkin Park","Linkin Park",10,"Linkin Park|One More Light|Lyrics|Lyric Video|Official",2138733,172373,1195,11752,"https://i.ytimg.com/vi/8hP6WROycAU/default.jpg","8.1"
"D1IBXE2G6zw","Lin-Manuel Miranda - Almost Like Praying feat Artists for Puerto Rico [Music Video]","Atlantic Records",10,"music|official|music video|lin-manual miranda|almost like praying|Marc Anthony|atlantic records|warner music group|Alex Lacamoire|Ana Villafañe|Anthony Ramos|Camila Cabello|Dessa|Ednita Nazario|Fat Joe|Gilberto|Santa Rosa|Gina Rodriguez|Gloria Estefan|Jennifer Lopez|Joell Ortiz|Juan Luis Guerra|Luis Fonsi|Pedro Capó|PJ Sin Suela|Rita Moreno|Rubén Blades|Tommy Torres|Hispanic Federation UNIDOS Fund|puerto rico",2237997,83299,2554,6949,"https://i.ytimg.com/vi/D1IBXE2G6zw/default.jpg","9.1"
"J7MYJ8Kxhwc","NF - Outcast","NFVEVO",10,"NF|Outcast|Real|Music|Hip|Hop",842655,50004,795,5669,"https://i.ytimg.com/vi/J7MYJ8Kxhwc/default.jpg","9.1"
"D1IBXE2G6zw","Lin-Manuel Miranda - Almost Like Praying feat Artists for Puerto Rico [Music Video]","Atlantic Records",10,"music|official|music video|lin-manual miranda|almost like praying|Marc Anthony|atlantic records|warner music group|Alex Lacamoire|Ana Villafañe|Anthony Ramos|Camila Cabello|Dessa|Ednita Nazario|Fat Joe|Gilberto|Santa Rosa|Gina Rodriguez|Gloria Estefan|Jennifer Lopez|Joell Ortiz|Juan Luis Guerra|Luis Fonsi|Pedro Capó|PJ Sin Suela|Rita Moreno|Rubén Blades|Tommy Torres|Hispanic Federation UNIDOS Fund|puerto rico",1802878,71780,2124,5772,"https://i.ytimg.com/vi/D1IBXE2G6zw/default.jpg","8.1"
"J7MYJ8Kxhwc","NF - Outcast","NFVEVO",10,"NF|Outcast|Real|Music|Hip|Hop",653747,43821,615,6172,"https://i.ytimg.com/vi/J7MYJ8Kxhwc/default.jpg","8.1"
"hhREiAarjVY","Sam Smith - Pray (Official Audio)","SamSmithWorldVEVO",10,"pray|sam smith pray|sam smith|sam smith too good at goodbyes|stay with me",3271305,154628,1376,8821,"https://i.ytimg.com/vi/hhREiAarjVY/default.jpg","8.1"
"CwLGro-dFWg","Charlie Puth – How Long [Official Audio]","Charlie Puth",10,"charlie puth|voicenotes|how long|charlie puth how long|charlie puth voicenotes|charlie puth attention|puth how long|voicenotes puth|official audio|charlie puth - how long|charlie puth - voicenotes|charlie how long|charlie voicenotes|how long voicenotes|how long attention|charlie puth - attention|how long official|charlie puth how long official|atlantic records|artist partner group|apg",2177310,156180,1011,13217,"https://i.ytimg.com/vi/CwLGro-dFWg/default.jpg","8.1"
"CwLGro-dFWg","Charlie Puth – How Long [Official Audio]","Charlie Puth",10,"charlie puth|voicenotes|how long|charlie puth how long|charlie puth voicenotes|charlie puth attention|puth how long|voicenotes puth|official audio|charlie puth - how long|charlie puth - voicenotes|charlie how long|charlie voicenotes|how long voicenotes|how long attention|charlie puth - attention|how long official|charlie puth how long official|atlantic records|artist partner group|apg",1578921,135599,809,12107,"https://i.ytimg.com/vi/CwLGro-dFWg/default.jpg","7.1"
"8hP6WROycAU","One More Light (Official Lyric Video) - Linkin Park","Linkin Park",10,"Linkin Park|One More Light|Lyrics|Lyric Video|Official",1911020,165624,1101,11456,"https://i.ytimg.com/vi/8hP6WROycAU/default.jpg","7.1"
"hhREiAarjVY","Sam Smith - Pray (Official Audio)","SamSmithWorldVEVO",10,"pray|sam smith pray|sam smith|sam smith too good at goodbyes|stay with me",2370549,132138,1025,7705,"https://i.ytimg.com/vi/hhREiAarjVY/default.jpg","7.1"
"APHgDFRpCi0","J Balvin, Willy William - Mi Gente featuring Beyoncé ft. Beyoncé","jbalvinVEVO",10,"Balvin|Willy|William|Mi|Gente|featuring|Beyoncé|EMI|Latin|(LAT)|Latino|Beyonce|Cristiano Ronaldo|Llane Piso|Malu Trevejo|Neymar|Annita|Gianluca Vacchi|Yandel|David Guetta|Martin Garrix|DanceOn|Dj Pope|Diplo|Offical Video|Video Oficial|J Balvin|Mi Gente Remix|Tiesto|Cedric Gervais|Steve Aoki|Bad Bunny|Magga Braco|Jesse & Joy|Lele Pons|Silvestre dangond|Dj Luian|Matt Steffanina|Jean Rodriguez|36",13077467,430513,22775,33386,"https://i.ytimg.com/vi/APHgDFRpCi0/default.jpg","5.1"
"CwLGro-dFWg","Charlie Puth – How Long [Official Audio]","Charlie Puth",10,"charlie puth|voicenotes|how long|charlie puth how long|charlie puth voicenotes|charlie puth attention|puth how long|voicenotes puth|official audio|charlie puth - how long|charlie puth - voicenotes|charlie how long|charlie voicenotes|how long voicenotes|how long attention|charlie puth - attention|how long official|charlie puth how long official|atlantic records|artist partner group|apg",609764,80541,476,8544,"https://i.ytimg.com/vi/CwLGro-dFWg/default.jpg","6.1"
"8hP6WROycAU","One More Light (Official Lyric Video) - Linkin Park","Linkin Park",10,"Linkin Park|One More Light|Lyrics|Lyric Video|Official",1653625,156180,975,10745,"https://i.ytimg.com/vi/8hP6WROycAU/default.jpg","6.1"
"5Wiio4KoGe8","Maroon 5 - What Lovers Do ft. SZA","Maroon5VEVO",10,"Maroon|What|Lovers|Do|222|Records/Interscope|Records|Pop",7481942,240499,4744,12593,"https://i.ytimg.com/vi/5Wiio4KoGe8/default.jpg","4.1"
"8rhb5wTCero","dodie - 6/10","dodieVEVO",10,"dodie|6/10|Ditto|Music|Singer-Songwriter",575963,87616,566,7556,"https://i.ytimg.com/vi/8rhb5wTCero/default.jpg","4.1"
"8hP6WROycAU","One More Light (Official Lyric Video) - Linkin Park","Linkin Park",10,"Linkin Park|One More Light|Lyrics|Lyric Video|Official",1374034,143615,814,10020,"https://i.ytimg.com/vi/8hP6WROycAU/default.jpg","5.1"
"8hP6WROycAU","One More Light (Official Lyric Video) - Linkin Park","Linkin Park",10,"Linkin Park|One More Light|Lyrics|Lyric Video|Official",823749,111846,500,8275,"https://i.ytimg.com/vi/8hP6WROycAU/default.jpg","4.1"
"APHgDFRpCi0","J Balvin, Willy William - Mi Gente featuring Beyoncé","jbalvinVEVO",10,"Balvin|Willy|William|Mi|Gente|featuring|Beyoncé|EMI|Latin|(LAT)|Latino|Beyonce|Cristiano Ronaldo|Llane Piso|Malu Trevejo|Neymar|Annita|Gianluca Vacchi|Yandel|David Guetta|Martin Garrix|DanceOn|Dj Pope|Diplo|Offical Video|Video Oficial|J Balvin|Mi Gente Remix|Tiesto|Cedric Gervais|Steve Aoki|Bad Bunny|Magga Braco|Jesse & Joy|Lele Pons|Silvestre dangond|Dj Luian|Matt Steffanina|Jean Rodriguez|36",12254591,417924,22007,33233,"https://i.ytimg.com/vi/APHgDFRpCi0/default.jpg","4.1"
"KPqtlI3aJIE","Sam Smith - Too Good At Goodbyes (Live From Hackney Round Chapel)","SamSmithWorldVEVO",10,"Sam|Smith|Too|Good|At|Goodbyes|Capitol|Pop",2781365,124979,861,5174,"https://i.ytimg.com/vi/KPqtlI3aJIE/default.jpg","4.1"
"APHgDFRpCi0","J Balvin, Willy William - Mi Gente featuring Beyoncé","jbalvinVEVO",10,"Balvin|Willy|William|Mi|Gente|featuring|Beyoncé|EMI|Latin|(LAT)|Latino|Beyonce|Cristiano Ronaldo|Llane Piso|Malu Trevejo|Neymar|Annita|Gianluca Vacchi|Yandel|David Guetta|Martin Garrix|DanceOn|Dj Pope|Diplo|Offical Video|Video Oficial|J Balvin|Mi Gente Remix|Tiesto|Cedric Gervais|Steve Aoki|Bad Bunny|Magga Braco|Jesse & Joy|Lele Pons|Silvestre dangond|Dj Luian|Matt Steffanina|Jean Rodriguez|36",11576213,405884,21112,32444,"https://i.ytimg.com/vi/APHgDFRpCi0/default.jpg","3.1"
"KPqtlI3aJIE","Sam Smith - Too Good At Goodbyes (Live From Hackney Round Chapel)","SamSmithWorldVEVO",10,"Sam|Smith|Too|Good|At|Goodbyes|Capitol|Pop",2571370,121651,816,6031,"https://i.ytimg.com/vi/KPqtlI3aJIE/default.jpg","3.1"
"5Wiio4KoGe8","Maroon 5 - What Lovers Do ft. SZA","Maroon5VEVO",10,"Maroon|What|Lovers|Do|222|Records/Interscope|Records|Pop",6322059,226121,4376,11882,"https://i.ytimg.com/vi/5Wiio4KoGe8/default.jpg","3.1"
"8rhb5wTCero","dodie - 6/10","dodieVEVO",10,"dodie|6/10|Ditto|Music|Singer-Songwriter",536349,84588,527,7272,"https://i.ytimg.com/vi/8rhb5wTCero/default.jpg","3.1"
"APHgDFRpCi0","J Balvin, Willy William - Mi Gente featuring Beyoncé","jbalvinVEVO",10,"Balvin|Willy|William|Mi|Gente|featuring|Beyoncé|EMI|Latin|(LAT)|Latino|Beyonce|Cristiano Ronaldo|Llane Piso|Malu Trevejo|Neymar|Annita|Gianluca Vacchi|Yandel|David Guetta|Martin Garrix|DanceOn|Dj Pope|Diplo|Offical Video|Video Oficial|J Balvin|Mi Gente Remix|Tiesto|Cedric Gervais|Steve Aoki|Bad Bunny|Magga Braco|Jesse & Joy|Lele Pons|Silvestre dangond|Dj Luian|Matt Steffanina|Jean Rodriguez|36",10736487,389230,19957,31269,"https://i.ytimg.com/vi/APHgDFRpCi0/default.jpg","2.1"
"KPqtlI3aJIE","Sam Smith - Too Good At Goodbyes (Live From Hackney Round Chapel)","SamSmithWorldVEVO",10,"Sam|Smith|Too|Good|At|Goodbyes|Capitol|Pop",2318484,116997,756,5604,"https://i.ytimg.com/vi/KPqtlI3aJIE/default.jpg","2.1"
"5Wiio4KoGe8","Maroon 5 - What Lovers Do ft. SZA","Maroon5VEVO",10,"Maroon|What|Lovers|Do|222|Records/Interscope|Records|Pop",5132921,209456,3985,11279,"https://i.ytimg.com/vi/5Wiio4KoGe8/default.jpg","2.1"
"8rhb5wTCero","dodie - 6/10","dodieVEVO",10,"dodie|6/10|Ditto|Music|Singer-Songwriter",489193,80492,481,8374,"https://i.ytimg.com/vi/8rhb5wTCero/default.jpg","2.1"
"AoQMHzkj2x0","ZAYN - Dusk Till Dawn ft. Sia (SING OFF vs. Madison Beer)","Conor Maynard",10,"conor maynard|madison beer|sing off|conor maynard madison beer|conor maynard cover|zayn|sia|zayn sia|zayn dusk till dawn|zayn sia dusk till dawn|conor maynard sing off|madison beer sing off",5326424,389273,4033,16585,"https://i.ytimg.com/vi/AoQMHzkj2x0/default.jpg","30.09"
"APHgDFRpCi0","J Balvin, Willy William - Mi Gente featuring Beyoncé","jbalvinVEVO",10,"Balvin|Willy|William|Mi|Gente|featuring|Beyoncé|EMI|Latin|(LAT)|Latino|Beyonce|Cristiano Ronaldo|Llane Piso|Malu Trevejo|Neymar|Annita|Gianluca Vacchi|Yandel|David Guetta|Martin Garrix|DanceOn|Dj Pope|Diplo|Offical Video|Video Oficial|J Balvin|Mi Gente Remix|Tiesto|Cedric Gervais|Steve Aoki|Bad Bunny|Magga Braco|Jesse & Joy|Lele Pons|Silvestre dangond|Dj Luian|Matt Steffanina|Jean Rodriguez|36",9629935,363535,18213,28317,"https://i.ytimg.com/vi/APHgDFRpCi0/default.jpg","1.1"
"KPqtlI3aJIE","Sam Smith - Too Good At Goodbyes (Live From Hackney Round Chapel)","SamSmithWorldVEVO",10,"Sam|Smith|Too|Good|At|Goodbyes|Capitol|Pop",2005892,110797,646,5211,"https://i.ytimg.com/vi/KPqtlI3aJIE/default.jpg","1.1"
"5Wiio4KoGe8","Maroon 5 - What Lovers Do ft. SZA","Maroon5VEVO",10,"Maroon|What|Lovers|Do|222|Records/Interscope|Records|Pop",4056336,193344,3591,10787,"https://i.ytimg.com/vi/5Wiio4KoGe8/default.jpg","1.1"
"8rhb5wTCero","dodie - 6/10","dodieVEVO",10,"dodie|6/10|Ditto|Music|Singer-Songwriter",428814,74994,442,7933,"https://i.ytimg.com/vi/8rhb5wTCero/default.jpg","1.1"
"8rhb5wTCero","dodie - 6/10","dodieVEVO",10,"dodie|6/10|Ditto|Music|Singer-Songwriter",229118,52281,215,6355,"https://i.ytimg.com/vi/8rhb5wTCero/default.jpg","30.09"
"APHgDFRpCi0","J Balvin, Willy William - Mi Gente featuring Beyoncé","jbalvinVEVO",10,"Balvin|Willy|William|Mi|Gente|featuring|Beyoncé|EMI|Latin|(LAT)|Latino",1250899,109528,4626,11263,"https://i.ytimg.com/vi/APHgDFRpCi0/default.jpg","29.09"
"5Wiio4KoGe8","Maroon 5 - What Lovers Do ft. SZA","Maroon5VEVO",10,"Maroon|What|Lovers|Do|222|Records/Interscope|Records|Pop",1502298,123026,1870,9615,"https://i.ytimg.com/vi/5Wiio4KoGe8/default.jpg","29.09"
"APHgDFRpCi0","J Balvin, Willy William - Mi Gente featuring Beyoncé","jbalvinVEVO",10,"Balvin|Willy|William|Mi|Gente|featuring|Beyoncé|EMI|Latin|(LAT)|Latino|Beyonce|Cristiano Ronaldo|Llane Piso|Malu Trevejo|Neymar|Annita|Gianluca Vacchi|Yandel|David Guetta|Martin Garrix|DanceOn|Dj Pope|Diplo|Offical Video|Video Oficial|J Balvin|Mi Gente Remix|Tiesto|Cedric Gervais|Steve Aoki|Bad Bunny|Magga Braco|Jesse & Joy|Lele Pons|Silvestre dangond|Dj Luian|Matt Steffanina|Jean Rodriguez|36",7440958,299299,14152,26359,"https://i.ytimg.com/vi/APHgDFRpCi0/default.jpg","30.09"
"5Wiio4KoGe8","Maroon 5 - What Lovers Do ft. SZA","Maroon5VEVO",10,"Maroon|What|Lovers|Do|222|Records/Interscope|Records|Pop",2959390,169645,2961,11739,"https://i.ytimg.com/vi/5Wiio4KoGe8/default.jpg","30.09"
"G_SjnHwxWMU","Noah Cyrus - Again ft. XXXTENTACION","NoahCyrusVEVO",10,"Noah Cyrus|Noah Cyrus Again|XXXTENTACION|Jahseh Onfroy|young dagger dick|xiller|Miley Cyrus|Cyrus|Miley Cyrus sister|Make Me Cry|Noah Cyrus Make Me Cry|Labrinth Make Me Cry|pop|R&B|producer|singer|almost famous|NC17|NC-17|Stay together|Again Noah Cyrus|Again XXXTENTACION|tell me that you love me again|kodak black|Onfroy|Jocelyn Flores|17|Again|Noah Cyrus feat. XXXTENTACION|Pop|Records|LLC",4261673,236759,8442,16872,"https://i.ytimg.com/vi/G_SjnHwxWMU/default.jpg","27.09"
"1yYV9-KoSUM","MACKLEMORE FEAT KESHA - GOOD OLD DAYS (OFFICIAL MUSIC VIDEO)","Macklemore LLC",10,"Mackelmore|Thrift Shop|Cant Hold Us|Can't Hold Us|Same Love|Seattle|Downtown|Macklemore Downtown|Macklemore & Ryan Lewis|Ryan Lewis|White Walls|Glorious|Music Video|Marmalade|marmelade|Lil Yachty|Yachty|Yahcty|Lil' Yachty|Lil Boat|The Heist|Heist|Hiest|Unruly Mess|Dance Off|Kesha|tik tok|offset|skylar",3528210,143035,1738,5724,"https://i.ytimg.com/vi/1yYV9-KoSUM/default.jpg","27.09"
"04UjShXZbD0","Melanie Martinez - Mad Hatter [Official Video]","melanie martinez",10,"melanie martinez|cry baby|mad hatter|official video|pop|atlantic records|wmg|warner music group|dollhouse",7016961,921577,12496,132061,"https://i.ytimg.com/vi/04UjShXZbD0/default.jpg","28.09"
"iKzRIweSBLA","Ed Sheeran - Perfect [Official Lyric Video]","Ed Sheeran",10,"edsheeran|ed sheeran|acoustic|live|cover|official|remix|official video|lyrics|session",9697462,461378,4812,18482,"https://i.ytimg.com/vi/iKzRIweSBLA/default.jpg","28.09"
"1NyMSWqIJDQ","Danielle Bregoli is BHAD BHABIE “Hi Bich / Whachu Know” (Official Music Video)","Bhad Bhabie",10,"danielle bregoli|cash me ousside|cash me outside|dr phil|how bow dah|bhad bhabie|cashmeousside|hi bich|hi bitch|what you know|watch now|heaux|these heaux|these hoes|hi bich music video|hi bitch music video|horse music video|danielle bregoli these heaux|Danielle Bregoli song|these heaux 2017|these hoes 2017|music|new music|hip hop|whit horse|white porsche song|hi bich song|hi bich video|hi bitch video|new danielle bregoli|whachu know",12115465,379224,135925,66509,"https://i.ytimg.com/vi/1NyMSWqIJDQ/default.jpg","28.09"
"04UjShXZbD0","Melanie Martinez - Mad Hatter [Official Video]","melanie martinez",10,"melanie martinez|cry baby|mad hatter|official video|pop|atlantic records|wmg|warner music group|dollhouse",6545187,902166,11979,129768,"https://i.ytimg.com/vi/04UjShXZbD0/default.jpg","27.09"
"iKzRIweSBLA","Ed Sheeran - Perfect [Official Lyric Video]","Ed Sheeran",10,"edsheeran|ed sheeran|acoustic|live|cover|official|remix|official video|lyrics|session",8617304,442416,4469,18100,"https://i.ytimg.com/vi/iKzRIweSBLA/default.jpg","27.09"
"1NyMSWqIJDQ","Danielle Bregoli is BHAD BHABIE “Hi Bich / Whachu Know” (Official Music Video)","Bhad Bhabie",10,"danielle bregoli|cash me ousside|cash me outside|dr phil|how bow dah|bhad bhabie|cashmeousside|hi bich|hi bitch|what you know|watch now|heaux|these heaux|these hoes|hi bich music video|hi bitch music video|horse music video|danielle bregoli these heaux|Danielle Bregoli song|these heaux 2017|these hoes 2017|music|new music|hip hop|whit horse|white porsche song|hi bich song|hi bich video|hi bitch video|new danielle bregoli|whachu know",10889859,356692,129008,62047,"https://i.ytimg.com/vi/1NyMSWqIJDQ/default.jpg","27.09"
"-jFgNreZPf0","ASKING ALEXANDRIA - Into The Fire (Official Music Video)","SumerianRecords",10,"Asking Alexandria|Into The Fire|Sumerian Records|Sumerian|AA|AA Family|Danny Worsnop|Ben Bruce|Cameron Liddell|Sam Bettley|James Cassells|New Single|New Asking Alexandria|New Song 2017|Asking Alexandria 2017|Official Music Video",1530990,86275,2583,9328,"https://i.ytimg.com/vi/-jFgNreZPf0/default.jpg","27.09"
"G_SjnHwxWMU","Noah Cyrus - Again ft. XXXTENTACION","NoahCyrusVEVO",10,"Noah Cyrus|Noah Cyrus Again|XXXTENTACION|Jahseh Onfroy|young dagger dick|xiller|Miley Cyrus|Cyrus|Miley Cyrus sister|Make Me Cry|Noah Cyrus Make Me Cry|Labrinth Make Me Cry|pop|R&B|producer|singer|almost famous|NC17|NC-17|Stay together|Again Noah Cyrus|Again XXXTENTACION|tell me that you love me again|kodak black|Onfroy|Jocelyn Flores|17|Again|Noah Cyrus feat. XXXTENTACION|Pop|Records|LLC",3469580,207473,7250,14066,"https://i.ytimg.com/vi/G_SjnHwxWMU/default.jpg","26.09"
"-jFgNreZPf0","ASKING ALEXANDRIA - Into The Fire (Official Music Video)","SumerianRecords",10,"Asking Alexandria|Into The Fire|Sumerian Records|Sumerian|AA|AA Family|Danny Worsnop|Ben Bruce|Cameron Liddell|Sam Bettley|James Cassells|New Single|New Asking Alexandria|New Song 2017|Asking Alexandria 2017|Official Music Video",1372349,82247,2428,9074,"https://i.ytimg.com/vi/-jFgNreZPf0/default.jpg","26.09"
"1yYV9-KoSUM","MACKLEMORE FEAT KESHA - GOOD OLD DAYS (OFFICIAL MUSIC VIDEO)","Macklemore LLC",10,"Mackelmore|Thrift Shop|Cant Hold Us|Can't Hold Us|Same Love|Seattle|Downtown|Macklemore Downtown|Macklemore & Ryan Lewis|Ryan Lewis|White Walls|Glorious|Music Video|Marmalade|marmelade|Lil Yachty|Yachty|Yahcty|Lil' Yachty|Lil Boat|The Heist|Heist|Hiest|Unruly Mess|Dance Off|Kesha|tik tok|offset|skylar",3309201,138848,1667,5630,"https://i.ytimg.com/vi/1yYV9-KoSUM/default.jpg","26.09"
"ljXSjIph5ZM","Niall Horan - Too Much To Ask (Official)","NiallHoranVEVO",10,"Niall|Horan|Too|Much|To|Ask|Capitol|Records|(US1A)|Pop|Niall Horan|Too Much To Ask|Too Much Too Ask|To Much To Ask|To Much Too Ask|TMTA|Official Video|Official|Video|Flicker",4319116,421504,1557,31538,"https://i.ytimg.com/vi/ljXSjIph5ZM/default.jpg","26.09"
"iKzRIweSBLA","Ed Sheeran - Perfect [Official Lyric Video]","Ed Sheeran",10,"edsheeran|ed sheeran|acoustic|live|cover|official|remix|official video|lyrics|session",7473152,420607,4047,17556,"https://i.ytimg.com/vi/iKzRIweSBLA/default.jpg","26.09"
"1NyMSWqIJDQ","Danielle Bregoli is BHAD BHABIE “Hi Bich / Whachu Know” (Official Music Video)","Bhad Bhabie",10,"danielle bregoli|cash me ousside|cash me outside|dr phil|how bow dah|bhad bhabie|cashmeousside|hi bich|hi bitch|what you know|watch now|heaux|these heaux|these hoes|hi bich music video|hi bitch music video|horse music video|danielle bregoli these heaux|Danielle Bregoli song|these heaux 2017|these hoes 2017|music|new music|hip hop|whit horse|white porsche song|hi bich song|hi bich video|hi bitch video|new danielle bregoli|whachu know",9671394,333625,121204,59217,"https://i.ytimg.com/vi/1NyMSWqIJDQ/default.jpg","26.09"
"PbW14E2eHJ0","Zedd, Liam Payne - Get Low (Street Video)","ZEDDVEVO",10,"Zedd Get Low|Get Low Zedd|Get Low Zedd and Liam Payne|Liam Payne and Zedd Get Low|Get low street performance|get low in london|Get Low official music video|music video|Get Low official|Get Low Music video|Get Low London|Get Low Dance|Liam Payne Get Low|Get Low Liam Payne|Zedd|Liam Payne|zedd and Liam Payne|Get Low|Liam and Zedd|liam 1d|getlow|liam payne and zedd|zedd liam|one direction|London|zedd liam in london|hands",2745752,166751,1909,5102,"https://i.ytimg.com/vi/PbW14E2eHJ0/default.jpg","24.09"
"iKzRIweSBLA","Ed Sheeran - Perfect [Official Lyric Video]","Ed Sheeran",10,"edsheeran|ed sheeran|acoustic|live|cover|official|remix|official video|lyrics|session",6233442,391408,3472,19706,"https://i.ytimg.com/vi/iKzRIweSBLA/default.jpg","25.09"
"1NyMSWqIJDQ","Danielle Bregoli is BHAD BHABIE “Hi Bich / Whachu Know” (Official Music Video)","Bhad Bhabie",10,"danielle bregoli|cash me ousside|cash me outside|dr phil|how bow dah|bhad bhabie|cashmeousside|hi bich|hi bitch|what you know|watch now|heaux|these heaux|these hoes|hi bich music video|hi bitch music video|horse music video|danielle bregoli these heaux|Danielle Bregoli song|these heaux 2017|these hoes 2017|music|new music|hip hop|whit horse|white porsche song|hi bich song|hi bich video|hi bitch video|new danielle bregoli|whachu know",8266750,306401,105782,57706,"https://i.ytimg.com/vi/1NyMSWqIJDQ/default.jpg","25.09"
"-jFgNreZPf0","ASKING ALEXANDRIA - Into The Fire (Official Music Video)","SumerianRecords",10,"Asking Alexandria|Into The Fire|Sumerian Records|Sumerian|AA|AA Family|Danny Worsnop|Ben Bruce|Cameron Liddell|Sam Bettley|James Cassells|New Single|New Asking Alexandria|New Song 2017|Asking Alexandria 2017|Official Music Video",1191098,77441,2248,8781,"https://i.ytimg.com/vi/-jFgNreZPf0/default.jpg","25.09"
"1yYV9-KoSUM","MACKLEMORE FEAT KESHA - GOOD OLD DAYS (OFFICIAL MUSIC VIDEO)","Macklemore LLC",10,"Mackelmore|Thrift Shop|Cant Hold Us|Can't Hold Us|Same Love|Seattle|Downtown|Macklemore Downtown|Macklemore & Ryan Lewis|Ryan Lewis|White Walls|Glorious|Music Video|Marmalade|marmelade|Lil Yachty|Yachty|Yahcty|Lil' Yachty|Lil Boat|The Heist|Heist|Hiest|Unruly Mess|Dance Off|Kesha|tik tok|offset|skylar",3062496,133447,1585,5446,"https://i.ytimg.com/vi/1yYV9-KoSUM/default.jpg","25.09"
"G_SjnHwxWMU","Noah Cyrus - Again ft. XXXTENTACION","NoahCyrusVEVO",10,"Noah Cyrus|Noah Cyrus Again|XXXTENTACION|Jahseh Onfroy|young dagger dick|xiller|Miley Cyrus|Cyrus|Miley Cyrus sister|Make Me Cry|Noah Cyrus Make Me Cry|Labrinth Make Me Cry|pop|R&B|producer|singer|almost famous|NC17|NC-17|Stay together|Again Noah Cyrus|Again XXXTENTACION|tell me that you love me again|kodak black|Onfroy|Jocelyn Flores|17|Again|Noah Cyrus feat. XXXTENTACION|Pop|Records|LLC",2615972,172668,5840,11871,"https://i.ytimg.com/vi/G_SjnHwxWMU/default.jpg","25.09"
"ljXSjIph5ZM","Niall Horan - Too Much To Ask (Official)","NiallHoranVEVO",10,"Niall|Horan|Too|Much|To|Ask|Capitol|Records|(US1A)|Pop|Niall Horan|Too Much To Ask|Too Much Too Ask|To Much To Ask|To Much Too Ask|TMTA|Official Video|Official|Video|Flicker",3877797,408770,1451,30827,"https://i.ytimg.com/vi/ljXSjIph5ZM/default.jpg","25.09"
"ljXSjIph5ZM","Niall Horan - Too Much To Ask (Official)","NiallHoranVEVO",10,"Niall|Horan|Too|Much|To|Ask|Capitol|Records|(US1A)|Pop|Niall Horan|Too Much To Ask|Too Much Too Ask|To Much To Ask|To Much Too Ask|TMTA|Official Video|Official|Video|Flicker",3297302,390556,1321,34030,"https://i.ytimg.com/vi/ljXSjIph5ZM/default.jpg","24.09"
"paXOkGMyG8M","Sia - Rainbow (From The 'My Little Pony: The Movie' Official Soundtrack) (Official Video)","SiaVEVO",10,"Hasbro|Inc./RCA Records|Rainbow|(From|The|Original|Motion|Picture|Soundtrack|'My|Little|Pony:|Movie')|Sia|Soundtracks",3355834,163795,2942,10368,"https://i.ytimg.com/vi/paXOkGMyG8M/default.jpg","24.09"
"paXOkGMyG8M","Sia - Rainbow (From The 'My Little Pony: The Movie' Official Soundtrack) (Official Video)","SiaVEVO",10,"Hasbro|Inc./RCA Records|Rainbow|(From|The|Original|Motion|Picture|Soundtrack|'My|Little|Pony:|Movie')|Sia|Soundtracks",2935645,153345,2741,10270,"https://i.ytimg.com/vi/paXOkGMyG8M/default.jpg","23.09"
"Tm8LGxTLtQk","One More Light (Official Video) - Linkin Park","Linkin Park",10,"Linkin Park|Chester Bennington|One More Light|Music Video|Official|Mike Shinoda|Brad Delson|Joe Hahn|Dave Farrell|Phoenix|Rob Bourdon|New Song|New Album|Live",8134428,624601,6011,53798,"https://i.ytimg.com/vi/Tm8LGxTLtQk/default.jpg","23.09"
"J_ub7Etch2U","Sam Smith - Too Good At Goodbyes (Official Video)","SamSmithWorldVEVO",10,"Sam|Smith|Too|Good|At|Goodbyes|Capitol|Pop|sam smith|sam smith album|sam smith live|sam smith lyrics|sam smith songs|sam smith stay with me|stay with me|too good at goodbyes",14077967,452820,9551,21059,"https://i.ytimg.com/vi/J_ub7Etch2U/default.jpg","23.09"
"1NyMSWqIJDQ","Danielle Bregoli is BHAD BHABIE “Hi Bich / Whachu Know” (Official Music Video)","Bhad Bhabie",10,"danielle bregoli|cash me ousside|cash me outside|dr phil|how bow dah|bhad bhabie|cashmeousside|hi bich|hi bitch|what you know|watch now|heaux|these heaux|these hoes|hi bich music video|hi bitch music video|horse music video|danielle bregoli these heaux|Danielle Bregoli song|these heaux 2017|these hoes 2017|music|new music|hip hop|whit horse|white porsche song|hi bich song|hi bich video|hi bitch video|new danielle bregoli|whachu know",6655953,272752,84310,47362,"https://i.ytimg.com/vi/1NyMSWqIJDQ/default.jpg","24.09"
"iKzRIweSBLA","Ed Sheeran - Perfect [Official Lyric Video]","Ed Sheeran",10,"edsheeran|ed sheeran|acoustic|live|cover|official|remix|official video|lyrics|session",4864110,351899,2744,18272,"https://i.ytimg.com/vi/iKzRIweSBLA/default.jpg","24.09"
"G_SjnHwxWMU","Noah Cyrus - Again ft. XXXTENTACION","NoahCyrusVEVO",10,"Noah Cyrus|Noah Cyrus Again|XXXTENTACION|Jahseh Onfroy|young dagger dick|xiller|Miley Cyrus|Cyrus|Miley Cyrus sister|Make Me Cry|Noah Cyrus Make Me Cry|Labrinth Make Me Cry|pop|R&B|producer|singer|almost famous|NC17|NC-17|Stay together|Again Noah Cyrus|Again XXXTENTACION|tell me that you love me again|kodak black|Onfroy|Jocelyn Flores|17|Again|Noah Cyrus feat. XXXTENTACION|Pop|Records|LLC",1596159,114297,3621,9347,"https://i.ytimg.com/vi/G_SjnHwxWMU/default.jpg","24.09"
"1yYV9-KoSUM","MACKLEMORE FEAT KESHA - GOOD OLD DAYS (OFFICIAL MUSIC VIDEO)","Macklemore LLC",10,"Mackelmore|Thrift Shop|Cant Hold Us|Can't Hold Us|Same Love|Seattle|Downtown|Macklemore Downtown|Macklemore & Ryan Lewis|Ryan Lewis|White Walls|Glorious|Music Video|Marmalade|marmelade|Lil Yachty|Yachty|Yahcty|Lil' Yachty|Lil Boat|The Heist|Heist|Hiest|Unruly Mess|Dance Off|Kesha|tik tok|offset|skylar",2719021,125919,1462,5159,"https://i.ytimg.com/vi/1yYV9-KoSUM/default.jpg","24.09"
"-jFgNreZPf0","ASKING ALEXANDRIA - Into The Fire (Official Music Video)","SumerianRecords",10,"Asking Alexandria|Into The Fire|Sumerian Records|Sumerian|AA|AA Family|Danny Worsnop|Ben Bruce|Cameron Liddell|Sam Bettley|James Cassells|New Single|New Asking Alexandria|New Song 2017|Asking Alexandria 2017|Official Music Video",955775,69683,1999,7891,"https://i.ytimg.com/vi/-jFgNreZPf0/default.jpg","24.09"
"G_SjnHwxWMU","Noah Cyrus - Again ft. XXXTENTACION","NoahCyrusVEVO",10,"Noah Cyrus|Noah Cyrus Again|XXXTENTACION|Jahseh Onfroy|young dagger dick|xiller|Miley Cyrus|Cyrus|Miley Cyrus sister|Make Me Cry|Noah Cyrus Make Me Cry|Labrinth Make Me Cry|pop|R&B|producer|singer|almost famous|NC17|NC-17|Stay together|Again Noah Cyrus|Again XXXTENTACION|tell me that you love me again|kodak black|Onfroy|Jocelyn Flores|17|Again|Noah Cyrus feat. XXXTENTACION|Pop|Records|LLC",711369,74252,1750,5406,"https://i.ytimg.com/vi/G_SjnHwxWMU/default.jpg","23.09"
"-jFgNreZPf0","ASKING ALEXANDRIA - Into The Fire (Official Music Video)","SumerianRecords",10,"Asking Alexandria|Into The Fire|Sumerian Records|Sumerian|AA|AA Family|Danny Worsnop|Ben Bruce|Cameron Liddell|Sam Bettley|James Cassells|New Single|New Asking Alexandria|New Song 2017|Asking Alexandria 2017|Official Music Video",667778,58602,1649,7763,"https://i.ytimg.com/vi/-jFgNreZPf0/default.jpg","23.09"
"ljXSjIph5ZM","Niall Horan - Too Much To Ask (Official)","NiallHoranVEVO",10,"Niall|Horan|Too|Much|To|Ask|Capitol|Records|(US1A)|Pop|Niall Horan|Too Much To Ask|Too Much Too Ask|To Much To Ask|To Much Too Ask|TMTA|Official Video|Official|Video|Flicker",2781186,370543,1193,33190,"https://i.ytimg.com/vi/ljXSjIph5ZM/default.jpg","23.09"
"paXOkGMyG8M","Sia - Rainbow (From The 'My Little Pony: The Movie' Official Soundtrack) (Official Video)","SiaVEVO",10,"Hasbro|Inc./RCA Records|Rainbow|(From|The|Original|Motion|Picture|Soundtrack|'My|Little|Pony:|Movie')|Sia|Soundtracks",2249612,132447,2341,11371,"https://i.ytimg.com/vi/paXOkGMyG8M/default.jpg","22.09"
"Tm8LGxTLtQk","One More Light (Official Video) - Linkin Park","Linkin Park",10,"Linkin Park|Chester Bennington|One More Light|Music Video|Official|Mike Shinoda|Brad Delson|Joe Hahn|Dave Farrell|Phoenix|Rob Bourdon|New Song|New Album|Live",7034721,586276,5527,52039,"https://i.ytimg.com/vi/Tm8LGxTLtQk/default.jpg","22.09"
"J_ub7Etch2U","Sam Smith - Too Good At Goodbyes (Official Video)","SamSmithWorldVEVO",10,"Sam|Smith|Too|Good|At|Goodbyes|Capitol|Pop|sam smith|sam smith album|sam smith live|sam smith lyrics|sam smith songs|sam smith stay with me|stay with me|too good at goodbyes",10193845,372375,7709,19657,"https://i.ytimg.com/vi/J_ub7Etch2U/default.jpg","22.09"
"PbW14E2eHJ0","Zedd, Liam Payne - Get Low (Street Video)","ZEDDVEVO",10,"Zedd Get Low|Get Low Zedd|Get Low Zedd and Liam Payne|Liam Payne and Zedd Get Low|Get low street performance|get low in london|Get Low official music video|music video|Get Low official|Get Low Music video|Get Low London|Get Low Dance|Liam Payne Get Low|Get Low Liam Payne|Zedd|Liam Payne|zedd and Liam Payne|Get Low|Liam and Zedd|liam 1d|getlow|liam payne and zedd|zedd liam|one direction|London|zedd liam in london|hands",1731490,136800,1522,5630,"https://i.ytimg.com/vi/PbW14E2eHJ0/default.jpg","22.09"
"MBdVXkSdhwU","BTS (방탄소년단) 'DNA' Official MV","ibighit",10,"BIGHIT|빅히트|방탄소년단|BTS|BANGTAN|방탄",41500672,2010366,78076,736179,"https://i.ytimg.com/vi/MBdVXkSdhwU/default.jpg","22.09"
"SHq2qrFUlGY","Shakira - Perro Fiel (Official Video) ft. Nicky Jam","shakiraVEVO",10,"Shakira ft. Nicky Jam|Shakira ft. Nicky Jam Music|Shakira ft. Nicky Jam Official Video|Shakira ft. Nicky Jam Video|Shakira ft. Nicky Jam Video Oficial|Perro Fiel Official Video|Official Video|Perro Fiel Single|Single|Shakira ft. Nicky Jam New Single|Shakira ft. Nicky Jam Single|Shakira ft. Nicky Jam Song|Perro Fiel new song|Perro Fiel nueva canción|Shakira ft. Nicky Jam nuevo sencillo|Shakira ft. Nicky Jam Perro Fiel|Latin Pop",32136948,578266,43475,40071,"https://i.ytimg.com/vi/SHq2qrFUlGY/default.jpg","22.09"
"1NyMSWqIJDQ","Danielle Bregoli is BHAD BHABIE “Hi Bich / Whachu Know” (Official Music Video)","Bhad Bhabie",10,"danielle bregoli|cash me ousside|cash me outside|dr phil|how bow dah|bhad bhabie|cashmeousside|hi bich|hi bitch|what you know|watch now|heaux|these heaux|these hoes|hi bich music video|hi bitch music video|horse music video|danielle bregoli these heaux|Danielle Bregoli song|these heaux 2017|these hoes 2017|music|new music|hip hop|whit horse|white porsche song|hi bich song|hi bich video|hi bitch video|new danielle bregoli|whachu know",4826644,236196,55588,55296,"https://i.ytimg.com/vi/1NyMSWqIJDQ/default.jpg","23.09"
"iKzRIweSBLA","Ed Sheeran - Perfect [Official Lyric Video]","Ed Sheeran",10,"edsheeran|ed sheeran|acoustic|live|cover|official|remix|official video|lyrics|session",3440579,306217,2041,16488,"https://i.ytimg.com/vi/iKzRIweSBLA/default.jpg","23.09"
"paXOkGMyG8M","Sia - Rainbow (From The 'My Little Pony: The Movie' Official Soundtrack) (Official Video)","SiaVEVO",10,"Hasbro|Inc./RCA Records|Rainbow|(From|The|Original|Motion|Picture|Soundtrack|'My|Little|Pony:|Movie')|Sia|Soundtracks",1780000,120919,2101,10514,"https://i.ytimg.com/vi/paXOkGMyG8M/default.jpg","21.09"
"Tm8LGxTLtQk","One More Light (Official Video) - Linkin Park","Linkin Park",10,"Linkin Park|Chester Bennington|One More Light|Music Video|Official|Mike Shinoda|Brad Delson|Joe Hahn|Dave Farrell|Phoenix|Rob Bourdon|New Song|New Album|Live",6295987,561556,5248,50192,"https://i.ytimg.com/vi/Tm8LGxTLtQk/default.jpg","21.09"
"Tm8LGxTLtQk","One More Light (Official Video) - Linkin Park","Linkin Park",10,"Linkin Park|Chester Bennington|One More Light|Music Video|Official|Mike Shinoda|Brad Delson|Joe Hahn|Dave Farrell|Phoenix|Rob Bourdon|New Song|New Album|Live",6296864,561584,5248,50201,"https://i.ytimg.com/vi/Tm8LGxTLtQk/default.jpg","21.09"
"J_ub7Etch2U","Sam Smith - Too Good At Goodbyes (Official Video)","SamSmithWorldVEVO",10,"Sam|Smith|Too|Good|At|Goodbyes|Capitol|Pop|sam smith|sam smith album|sam smith live|sam smith lyrics|sam smith songs|sam smith stay with me|stay with me|too good at goodbyes",7825532,319900,6665,17934,"https://i.ytimg.com/vi/J_ub7Etch2U/default.jpg","21.09"
"PbW14E2eHJ0","Zedd, Liam Payne - Get Low (Street Video)","ZEDDVEVO",10,"Zedd Get Low|Get Low Zedd|Get Low Zedd and Liam Payne|Liam Payne and Zedd Get Low|Get low street performance|get low in london|Get Low official music video|music video|Get Low official|Get Low Music video|Get Low London|Get Low Dance|Liam Payne Get Low|Get Low Liam Payne|Zedd|Liam Payne|zedd and Liam Payne|Get Low|Liam and Zedd|liam 1d|getlow|liam payne and zedd|zedd liam|one direction|London|zedd liam in london|hands",1301057,116464,1300,5250,"https://i.ytimg.com/vi/PbW14E2eHJ0/default.jpg","21.09"
"MBdVXkSdhwU","BTS (방탄소년단) 'DNA' Official MV","ibighit",10,"BIGHIT|빅히트|방탄소년단|BTS|BANGTAN|방탄",38013692,1950475,75294,713293,"https://i.ytimg.com/vi/MBdVXkSdhwU/default.jpg","21.09"
"SHq2qrFUlGY","Shakira - Perro Fiel (Official Video) ft. Nicky Jam","shakiraVEVO",10,"Shakira ft. Nicky Jam|Shakira ft. Nicky Jam Music|Shakira ft. Nicky Jam Official Video|Shakira ft. Nicky Jam Video|Shakira ft. Nicky Jam Video Oficial|Perro Fiel Official Video|Official Video|Perro Fiel Single|Single|Shakira ft. Nicky Jam New Single|Shakira ft. Nicky Jam Single|Shakira ft. Nicky Jam Song|Perro Fiel new song|Perro Fiel nueva canción|Shakira ft. Nicky Jam nuevo sencillo|Shakira ft. Nicky Jam Perro Fiel|Latin Pop",27750173,547764,40995,38712,"https://i.ytimg.com/vi/SHq2qrFUlGY/default.jpg","21.09"
"Tm8LGxTLtQk","One More Light (Official Video) - Linkin Park","Linkin Park",10,"Linkin Park|Chester Bennington|One More Light|Music Video|Official|Mike Shinoda|Brad Delson|Joe Hahn|Dave Farrell|Phoenix|Rob Bourdon|New Song|New Album|Live",4635501,487060,4426,52345,"https://i.ytimg.com/vi/Tm8LGxTLtQk/default.jpg","20.09"
"paXOkGMyG8M","Sia - Rainbow (From The 'My Little Pony: The Movie' Official Soundtrack) (Official Video)","SiaVEVO",10,"Hasbro|Inc./RCA Records|Rainbow|(From|The|Original|Motion|Picture|Soundtrack|'My|Little|Pony:|Movie')|Sia|Soundtracks",630742,70815,930,6887,"https://i.ytimg.com/vi/paXOkGMyG8M/default.jpg","20.09"
"J_ub7Etch2U","Sam Smith - Too Good At Goodbyes (Official Video)","SamSmithWorldVEVO",10,"Sam|Smith|Too|Good|At|Goodbyes|Capitol|Pop|sam smith|sam smith album|sam smith live|sam smith lyrics|sam smith songs|sam smith stay with me|stay with me|too good at goodbyes",4625554,239185,4769,18552,"https://i.ytimg.com/vi/J_ub7Etch2U/default.jpg","20.09"
"MBdVXkSdhwU","BTS (방탄소년단) 'DNA' Official MV","ibighit",10,"BIGHIT|빅히트|방탄소년단|BTS|BANGTAN|방탄",30424471,1762428,63990,582624,"https://i.ytimg.com/vi/MBdVXkSdhwU/default.jpg","20.09"
"SHq2qrFUlGY","Shakira - Perro Fiel (Official Video) ft. Nicky Jam","shakiraVEVO",10,"Shakira ft. Nicky Jam|Shakira ft. Nicky Jam Music|Shakira ft. Nicky Jam Official Video|Shakira ft. Nicky Jam Video|Shakira ft. Nicky Jam Video Oficial|Perro Fiel Official Video|Official Video|Perro Fiel Single|Single|Shakira ft. Nicky Jam New Single|Shakira ft. Nicky Jam Single|Shakira ft. Nicky Jam Song|Perro Fiel new song|Perro Fiel nueva canción|Shakira ft. Nicky Jam nuevo sencillo|Shakira ft. Nicky Jam Perro Fiel|Latin Pop",22787997,502597,37538,36467,"https://i.ytimg.com/vi/SHq2qrFUlGY/default.jpg","20.09"
"0501BTnbrxg","NF - Let You Down (Audio)","NFVEVO",10,"NF|Let|You|Down|Real|Music|Hip|Hop",1161121,67930,522,7469,"https://i.ytimg.com/vi/0501BTnbrxg/default.jpg","20.09"
"4cfL9nTNugM","Niall Horan - Too Much to Ask (Audio)","NiallHoranVEVO",10,"Niall|Horan|Too|Much|To|Ask|Capitol|Records|(US1A)|Pop",3864917,322474,1450,27422,"https://i.ytimg.com/vi/4cfL9nTNugM/default.jpg","20.09"
"7YAAyUFL1GQ","Fall Out Boy - The Last Of The Real Ones","FallOutBoyVEVO",10,"Fall|Out|Boy|The|Last|Of|Real|Ones|Island|Records|Alternative|Fall Out Boy|The Last Of The Real Ones|Real Ones|MANIA",2517566,124876,2318,12000,"https://i.ytimg.com/vi/7YAAyUFL1GQ/default.jpg","20.09"
"7YAAyUFL1GQ","Fall Out Boy - The Last Of The Real Ones","FallOutBoyVEVO",10,"Fall|Out|Boy|The|Last|Of|Real|Ones|Island|Records|Alternative|Fall Out Boy|The Last Of The Real Ones|Real Ones|MANIA",2309878,121436,2210,11722,"https://i.ytimg.com/vi/7YAAyUFL1GQ/default.jpg","19.09"
"F4ELqraXx-U","Lana Del Rey - White Mustang (Official Video)","LanaDelReyVEVO",10,"Lana|Del|Rey|White|Mustang|Polydor|Alternative",4990025,273916,4489,19878,"https://i.ytimg.com/vi/F4ELqraXx-U/default.jpg","19.09"
"-Ifnaxi2LQg","Fergie - You Already Know ft. Nicki Minaj","FergieVEVO",10,"Fergie|You|Already|Know|BMG|Rights|Management|(US)|LLC|Pop",3908558,130883,10147,8631,"https://i.ytimg.com/vi/-Ifnaxi2LQg/default.jpg","18.09"
"Tm8LGxTLtQk","One More Light (Official Video) - Linkin Park","Linkin Park",10,"Linkin Park|Chester Bennington|One More Light|Music Video|Official|Mike Shinoda|Brad Delson|Joe Hahn|Dave Farrell|Phoenix|Rob Bourdon|New Song|New Album|Live",2364524,350518,2301,38696,"https://i.ytimg.com/vi/Tm8LGxTLtQk/default.jpg","19.09"
"J_ub7Etch2U","Sam Smith - Too Good At Goodbyes (Official Video)","SamSmithWorldVEVO",10,"Sam|Smith|Too|Good|At|Goodbyes|Capitol|Pop|sam smith|sam smith album|sam smith live|sam smith lyrics|sam smith songs|sam smith stay with me|stay with me|too good at goodbyes",2156199,165263,2742,12872,"https://i.ytimg.com/vi/J_ub7Etch2U/default.jpg","19.09"
"MBdVXkSdhwU","BTS (방탄소년단) 'DNA' Official MV","ibighit",10,"BIGHIT|빅히트|방탄소년단|BTS|BANGTAN|방탄",20565649,1478119,46477,501435,"https://i.ytimg.com/vi/MBdVXkSdhwU/default.jpg","19.09"
"SHq2qrFUlGY","Shakira - Perro Fiel (Official Video) ft. Nicky Jam","shakiraVEVO",10,"Shakira ft. Nicky Jam|Shakira ft. Nicky Jam Music|Shakira ft. Nicky Jam Official Video|Shakira ft. Nicky Jam Video|Shakira ft. Nicky Jam Video Oficial|Perro Fiel Official Video|Official Video|Perro Fiel Single|Single|Shakira ft. Nicky Jam New Single|Shakira ft. Nicky Jam Single|Shakira ft. Nicky Jam Song|Perro Fiel new song|Perro Fiel nueva canción|Shakira ft. Nicky Jam nuevo sencillo|Shakira ft. Nicky Jam Perro Fiel|Latin Pop",19496639,464107,33974,34684,"https://i.ytimg.com/vi/SHq2qrFUlGY/default.jpg","19.09"
"0501BTnbrxg","NF - Let You Down (Audio)","NFVEVO",10,"NF|Let|You|Down|Real|Music|Hip|Hop",1002805,63946,480,7116,"https://i.ytimg.com/vi/0501BTnbrxg/default.jpg","19.09"
"4cfL9nTNugM","Niall Horan - Too Much to Ask (Audio)","NiallHoranVEVO",10,"Niall|Horan|Too|Much|To|Ask|Capitol|Records|(US1A)|Pop",3514910,314218,1373,26807,"https://i.ytimg.com/vi/4cfL9nTNugM/default.jpg","19.09"
"0501BTnbrxg","NF - Let You Down (Audio)","NFVEVO",10,"NF|Let|You|Down|Real|Music|Hip|Hop",854361,60258,471,6764,"https://i.ytimg.com/vi/0501BTnbrxg/default.jpg","18.09"
"4cfL9nTNugM","Niall Horan - Too Much to Ask (Audio)","NiallHoranVEVO",10,"Niall|Horan|Too|Much|To|Ask|Capitol|Records|(US1A)|Pop",3111683,303621,1257,25994,"https://i.ytimg.com/vi/4cfL9nTNugM/default.jpg","18.09"
"7YAAyUFL1GQ","Fall Out Boy - The Last Of The Real Ones","FallOutBoyVEVO",10,"Fall|Out|Boy|The|Last|Of|Real|Ones|Island|Records|Alternative|Fall Out Boy|The Last Of The Real Ones|Real Ones|MANIA",2082064,117087,2093,11438,"https://i.ytimg.com/vi/7YAAyUFL1GQ/default.jpg","18.09"
"F4ELqraXx-U","Lana Del Rey - White Mustang (Official Video)","LanaDelReyVEVO",10,"Lana|Del|Rey|White|Mustang|Polydor|Alternative",4719714,268428,4356,19587,"https://i.ytimg.com/vi/F4ELqraXx-U/default.jpg","18.09"
"-Ifnaxi2LQg","Fergie - You Already Know ft. Nicki Minaj","FergieVEVO",10,"Fergie|You|Already|Know|BMG|Rights|Management|(US)|LLC|Pop",3501124,123557,9636,8211,"https://i.ytimg.com/vi/-Ifnaxi2LQg/default.jpg","17.09"
"SHq2qrFUlGY","Shakira - Perro Fiel (Official Video) ft. Nicky Jam","shakiraVEVO",10,"Shakira ft. Nicky Jam|Shakira ft. Nicky Jam Music|Shakira ft. Nicky Jam Official Video|Shakira ft. Nicky Jam Video|Shakira ft. Nicky Jam Video Oficial|Perro Fiel Official Video|Official Video|Perro Fiel Single|Single|Shakira ft. Nicky Jam New Single|Shakira ft. Nicky Jam Single|Shakira ft. Nicky Jam Song|Perro Fiel new song|Perro Fiel nueva canción|Shakira ft. Nicky Jam nuevo sencillo|Shakira ft. Nicky Jam Perro Fiel|Latin Pop",15906520,415114,29669,31425,"https://i.ytimg.com/vi/SHq2qrFUlGY/default.jpg","18.09"
"SHq2qrFUlGY","Shakira - Perro Fiel (Official Video) ft. Nicky Jam","shakiraVEVO",10,"Shakira ft. Nicky Jam|Shakira ft. Nicky Jam Music|Shakira ft. Nicky Jam Official Video|Shakira ft. Nicky Jam Video|Shakira ft. Nicky Jam Video Oficial|Perro Fiel Official Video|Official Video|Perro Fiel Single|Single|Shakira ft. Nicky Jam New Single|Shakira ft. Nicky Jam Single|Shakira ft. Nicky Jam Song|Perro Fiel new song|Perro Fiel nueva canción|Shakira ft. Nicky Jam nuevo sencillo|Shakira ft. Nicky Jam Perro Fiel|Latin Pop",10944706,333571,22694,31875,"https://i.ytimg.com/vi/SHq2qrFUlGY/default.jpg","17.09"
"0501BTnbrxg","NF - Let You Down (Audio)","NFVEVO",10,"NF|Let|You|Down|Real|Music|Hip|Hop",643106,52876,365,6094,"https://i.ytimg.com/vi/0501BTnbrxg/default.jpg","17.09"
"4cfL9nTNugM","Niall Horan - Too Much to Ask (Audio)","NiallHoranVEVO",10,"Niall|Horan|Too|Much|To|Ask|Capitol|Records|(US1A)|Pop",2373665,277868,1006,24267,"https://i.ytimg.com/vi/4cfL9nTNugM/default.jpg","17.09"
"7YAAyUFL1GQ","Fall Out Boy - The Last Of The Real Ones","FallOutBoyVEVO",10,"Fall|Out|Boy|The|Last|Of|Real|Ones|Island|Records|Alternative|Fall Out Boy|The Last Of The Real Ones|Real Ones|MANIA",1733474,108832,1883,10698,"https://i.ytimg.com/vi/7YAAyUFL1GQ/default.jpg","17.09"
"F4ELqraXx-U","Lana Del Rey - White Mustang (Official Video)","LanaDelReyVEVO",10,"Lana|Del|Rey|White|Mustang|Polydor|Alternative",4272775,259507,4137,19035,"https://i.ytimg.com/vi/F4ELqraXx-U/default.jpg","17.09"
"-Ifnaxi2LQg","Fergie - You Already Know ft. Nicki Minaj","FergieVEVO",10,"Fergie|You|Already|Know|BMG|Rights|Management|(US)|LLC|Pop",3058570,116464,8998,7885,"https://i.ytimg.com/vi/-Ifnaxi2LQg/default.jpg","16.09"
"SHq2qrFUlGY","Shakira - Perro Fiel (Official Video) ft. Nicky Jam","shakiraVEVO",10,"Shakira ft. Nicky Jam|Shakira ft. Nicky Jam Music|Shakira ft. Nicky Jam Official Video|Shakira ft. Nicky Jam Video|Shakira ft. Nicky Jam Video Oficial|Perro Fiel Official Video|Official Video|Perro Fiel Single|Single|Shakira ft. Nicky Jam New Single|Shakira ft. Nicky Jam Single|Shakira ft. Nicky Jam Song|Perro Fiel new song|Perro Fiel nueva canción|Shakira ft. Nicky Jam nuevo sencillo|Shakira ft. Nicky Jam Perro Fiel|Latin Pop",4085560,198696,11446,21514,"https://i.ytimg.com/vi/SHq2qrFUlGY/default.jpg","16.09"
"0501BTnbrxg","NF - Let You Down (Audio)","NFVEVO",10,"NF|Let|You|Down|Real|Music|Hip|Hop",374344,42116,229,6046,"https://i.ytimg.com/vi/0501BTnbrxg/default.jpg","16.09"
"4cfL9nTNugM","Niall Horan - Too Much to Ask (Audio)","NiallHoranVEVO",10,"Niall|Horan|Too|Much|To|Ask|Capitol|Records|(US1A)|Pop",1429515,232107,626,26197,"https://i.ytimg.com/vi/4cfL9nTNugM/default.jpg","16.09"
"7YAAyUFL1GQ","Fall Out Boy - The Last Of The Real Ones","FallOutBoyVEVO",10,"Fall|Out|Boy|The|Last|Of|Real|Ones|Island|Records|Alternative|Fall Out Boy|The Last Of The Real Ones|Real Ones|MANIA",1314571,96802,1556,9813,"https://i.ytimg.com/vi/7YAAyUFL1GQ/default.jpg","16.09"
"F4ELqraXx-U","Lana Del Rey - White Mustang (Official Video)","LanaDelReyVEVO",10,"Lana|Del|Rey|White|Mustang|Polydor|Alternative",3735099,247833,3871,24307,"https://i.ytimg.com/vi/F4ELqraXx-U/default.jpg","16.09"
"7YAAyUFL1GQ","Fall Out Boy - The Last Of The Real Ones","FallOutBoyVEVO",10,"Fall|Out|Boy|The|Last|Of|Real|Ones|Island|Records|Alternative|Fall Out Boy|The Last Of The Real Ones|Real Ones|MANIA",755108,74326,947,10379,"https://i.ytimg.com/vi/7YAAyUFL1GQ/default.jpg","15.09"
"F4ELqraXx-U","Lana Del Rey - White Mustang (Official Video)","LanaDelReyVEVO",10,"Lana|Del|Rey|White|Mustang|Polydor|Alternative",2889867,222514,3288,23539,"https://i.ytimg.com/vi/F4ELqraXx-U/default.jpg","15.09"
"-Ifnaxi2LQg","Fergie - You Already Know ft. Nicki Minaj","FergieVEVO",10,"Fergie|You|Already|Know|BMG|Rights|Management|(US)|LLC|Pop",2453843,104520,7808,7083,"https://i.ytimg.com/vi/-Ifnaxi2LQg/default.jpg","15.09"
"F4ELqraXx-U","Lana Del Rey - White Mustang (Official Video)","LanaDelReyVEVO",10,"Lana|Del|Rey|White|Mustang|Polydor|Alternative",1568852,174771,2166,19191,"https://i.ytimg.com/vi/F4ELqraXx-U/default.jpg","14.09"
"-Ifnaxi2LQg","Fergie - You Already Know ft. Nicki Minaj","FergieVEVO",10,"Fergie|You|Already|Know|BMG|Rights|Management|(US)|LLC|Pop",1668188,88182,5893,7373,"https://i.ytimg.com/vi/-Ifnaxi2LQg/default.jpg","14.09"
"-Ifnaxi2LQg","Fergie - You Already Know ft. Nicki Minaj","FergieVEVO",10,"Fergie|You|Already|Know|BMG|Rights|Management|(US)|LLC|Pop",815608,66420,3578,5550,"https://i.ytimg.com/vi/-Ifnaxi2LQg/default.jpg","13.09"
"AX8-YzMKZhQ","Sam Smith - Too Good At Goodbyes (Official Audio)","SamSmithWorldVEVO",10,"sam smith|too good at goodbyes|audio|new single|official",13728070,468636,6597,20989,"https://i.ytimg.com/vi/AX8-YzMKZhQ/default.jpg","13.09"
"VCVjbrt30tY","Fifth Harmony - Deliver","FifthHarmonyVEVO",10,"camila cabello|x factor|x-factor|simon cowell|fifth harmony hit|fifth harmony song|fifth harmony new song|fifth harmony music|that's my girl|flex|all in my head|all in my head flex|7/27 full album|reflection|boss|bo$$|michelle obama|write on me|worth it|work from home|sledgehammer|gonna get better|the life|miss movin on|epic|epic records|7/27|ally|ally brooke|lauren|lauren jauregui|normani|normani kordei|dinah",3998451,291383,11624,24246,"https://i.ytimg.com/vi/VCVjbrt30tY/default.jpg","13.09"
"tt2k8PGm-TI","ZAYN - Dusk Till Dawn ft. Sia","ZaynVEVO",10,"Dusk Till Dawn|Pop|RCA Records Label|ZAYN feat. Sia",36323498,1431683,28049,100661,"https://i.ytimg.com/vi/tt2k8PGm-TI/default.jpg","13.09"
"Zy6vBxqlapw","Kelly Clarkson - Love So Soft [Official Video]","Kelly Clarkson",10,"Kelly Clarkson|Love So Soft|Meaning of Life|Move You|Kelly|Clarkson|New Music|Kelly Clarkson New Music|Kelly Clarkson New Album|Official Video|Pop|Atlantic|Dave Myers",3027926,76505,2880,6414,"https://i.ytimg.com/vi/Zy6vBxqlapw/default.jpg","13.09"
